id,name,flavor_group,category,created_at,updated_at,creator_id,updater_id
1,celery,vegetable,odor,2011-10-02 06:10:04 UTC,2011-10-02 06:10:04 UTC,,
2,corn,vegetable,odor,2011-10-02 06:10:04 UTC,2011-10-02 06:10:04 UTC,,
3,cucumber,vegetable,odor,2011-10-02 06:10:04 UTC,2011-10-02 06:10:04 UTC,,
4,horseradish,vegetable,odor,2011-10-02 06:10:05 UTC,2011-10-02 06:10:05 UTC,,
5,vegetable,vegetable,odor,2011-10-02 06:10:05 UTC,2011-10-02 06:10:05 UTC,,
6,potato,vegetable,odor,2011-10-02 06:10:05 UTC,2011-10-02 06:10:05 UTC,,
7,tomato,vegetable,odor,2011-10-02 06:10:05 UTC,2011-10-02 06:10:05 UTC,,
8,caraway,herbaceous,odor,2011-10-02 06:10:05 UTC,2011-10-02 06:10:05 UTC,,
9,clove,herbaceous,odor,2011-10-02 06:10:05 UTC,2011-10-02 06:10:05 UTC,,
10,fennel,herbaceous,odor,2011-10-02 06:10:05 UTC,2011-10-02 06:10:05 UTC,,
11,herbaceous,herbaceous,odor,2011-10-02 06:10:05 UTC,2011-10-02 06:10:05 UTC,,
12,sage,herbaceous,odor,2011-10-02 06:10:05 UTC,2011-10-02 06:10:05 UTC,,
13,butter,fatty,odor,2011-10-02 06:10:05 UTC,2011-10-02 06:10:05 UTC,,
14,cheese,fatty,odor,2011-10-02 06:10:06 UTC,2011-10-02 06:10:06 UTC,,
15,creamy,fatty,odor,2011-10-02 06:10:06 UTC,2011-10-02 06:10:06 UTC,,
16,hop_oil,fatty,odor,2011-10-02 06:10:06 UTC,2011-10-02 06:10:06 UTC,,
17,oily,fatty,odor,2011-10-02 06:10:06 UTC,2011-10-02 06:10:06 UTC,,
18,fatty,fatty,odor,2011-10-02 06:10:06 UTC,2011-10-02 06:10:06 UTC,,
19,sour,fatty,odor,2011-10-02 06:10:06 UTC,2011-10-02 06:10:06 UTC,,
20,coumarin,spicy,odor,2011-10-02 06:10:06 UTC,2011-10-02 06:10:06 UTC,,
21,spicy,spicy,odor,2011-10-02 06:10:06 UTC,2011-10-02 06:10:06 UTC,,
22,blossom,floral,odor,2011-10-02 06:10:06 UTC,2011-10-02 06:10:06 UTC,,
23,carnation,floral,odor,2011-10-02 06:10:07 UTC,2011-10-02 06:10:07 UTC,,
24,gardenia,floral,odor,2011-10-02 06:10:07 UTC,2011-10-02 06:10:07 UTC,,
25,geranium,floral,odor,2011-10-02 06:10:07 UTC,2011-10-02 06:10:07 UTC,,
26,hawthorne,floral,odor,2011-10-02 06:10:07 UTC,2011-10-02 06:10:07 UTC,,
27,hyacinth,floral,odor,2011-10-02 06:10:08 UTC,2011-10-02 06:10:08 UTC,,
28,iris,floral,odor,2011-10-02 06:10:09 UTC,2011-10-02 06:10:09 UTC,,
29,jasmine,floral,odor,2011-10-02 06:10:09 UTC,2011-10-02 06:10:09 UTC,,
30,lavender,floral,odor,2011-10-02 06:10:09 UTC,2011-10-02 06:10:09 UTC,,
31,lily,floral,odor,2011-10-02 06:10:09 UTC,2011-10-02 06:10:09 UTC,,
32,marigold,floral,odor,2011-10-02 06:10:09 UTC,2011-10-02 06:10:09 UTC,,
33,floral,floral,odor,2011-10-02 06:10:09 UTC,2011-10-02 06:10:09 UTC,,
34,rose,floral,odor,2011-10-02 06:10:10 UTC,2011-10-02 06:10:10 UTC,,
35,violet,floral,odor,2011-10-02 06:10:10 UTC,2011-10-02 06:10:10 UTC,,
36,anise,balsamic,odor,2011-10-02 06:10:10 UTC,2011-10-02 06:10:10 UTC,,
37,balsam,balsamic,odor,2011-10-02 06:10:10 UTC,2011-10-02 06:10:10 UTC,,
38,butterscotch,balsamic,odor,2011-10-02 06:10:10 UTC,2011-10-02 06:10:10 UTC,,
39,caramel,balsamic,odor,2011-10-02 06:10:10 UTC,2011-10-02 06:10:10 UTC,,
40,chocolate,balsamic,odor,2011-10-02 06:10:10 UTC,2011-10-02 06:10:10 UTC,,
41,cinnamon,balsamic,odor,2011-10-02 06:10:10 UTC,2011-10-02 06:10:10 UTC,,
42,honey,balsamic,odor,2011-10-02 06:10:10 UTC,2011-10-02 06:10:10 UTC,,
43,others,balsamic,odor,2011-10-02 06:10:11 UTC,2011-10-02 06:10:11 UTC,,
44,sweet,balsamic,odor,2011-10-02 06:10:11 UTC,2011-10-02 06:10:11 UTC,,
45,vanilla,balsamic,odor,2011-10-02 06:10:11 UTC,2011-10-02 06:10:11 UTC,,
46,lemon,citrus,odor,2011-10-02 06:10:11 UTC,2011-10-02 06:10:11 UTC,,
47,lime,citrus,odor,2011-10-02 06:10:11 UTC,2011-10-02 06:10:11 UTC,,
48,melon,citrus,odor,2011-10-02 06:10:11 UTC,2011-10-02 06:10:11 UTC,,
49,orange,citrus,odor,2011-10-02 06:10:11 UTC,2011-10-02 06:10:11 UTC,,
50,citrus,citrus,odor,2011-10-02 06:10:11 UTC,2011-10-02 06:10:11 UTC,,
51,cedar,woody,odor,2011-10-02 06:10:11 UTC,2011-10-02 06:10:11 UTC,,
52,maple,woody,odor,2011-10-02 06:10:11 UTC,2011-10-02 06:10:11 UTC,,
53,mesquite,woody,odor,2011-10-02 06:10:12 UTC,2011-10-02 06:10:12 UTC,,
54,woody,woody,odor,2011-10-02 06:10:12 UTC,2011-10-02 06:10:12 UTC,,
55,bacon,meaty,odor,2011-10-02 06:10:12 UTC,2011-10-02 06:10:12 UTC,,
56,beef,meaty,odor,2011-10-02 06:10:12 UTC,2011-10-02 06:10:12 UTC,,
57,meaty,meaty,odor,2011-10-02 06:10:12 UTC,2011-10-02 06:10:12 UTC,,
58,leafy,green,odor,2011-10-02 06:10:12 UTC,2011-10-02 06:10:12 UTC,,
59,green,green,odor,2011-10-02 06:10:12 UTC,2011-10-02 06:10:12 UTC,,
60,wintergreen,green,odor,2011-10-02 06:10:12 UTC,2011-10-02 06:10:12 UTC,,
61,beer,wine_like,odor,2011-10-02 06:10:12 UTC,2011-10-02 06:10:12 UTC,,
62,brandy,wine_like,odor,2011-10-02 06:10:13 UTC,2011-10-02 06:10:13 UTC,,
63,wine_like,wine_like,odor,2011-10-02 06:10:13 UTC,2011-10-02 06:10:13 UTC,,
64,rum,wine_like,odor,2011-10-02 06:10:13 UTC,2011-10-02 06:10:13 UTC,,
65,whiskey,wine_like,odor,2011-10-02 06:10:13 UTC,2011-10-02 06:10:13 UTC,,
66,mushroom,earthy,odor,2011-10-02 06:10:13 UTC,2011-10-02 06:10:13 UTC,,
67,musty,earthy,odor,2011-10-02 06:10:13 UTC,2011-10-02 06:10:13 UTC,,
68,earthy,earthy,odor,2011-10-02 06:10:13 UTC,2011-10-02 06:10:13 UTC,,
69,apple,fruity,odor,2011-10-02 06:10:13 UTC,2011-10-02 06:10:13 UTC,,
70,apricot,fruity,odor,2011-10-02 06:10:13 UTC,2011-10-02 06:10:13 UTC,,
71,banana,fruity,odor,2011-10-02 06:10:13 UTC,2011-10-02 06:10:13 UTC,,
72,berry,fruity,odor,2011-10-02 06:10:14 UTC,2011-10-02 06:10:14 UTC,,
73,cantaloupe,fruity,odor,2011-10-02 06:10:14 UTC,2011-10-02 06:10:14 UTC,,
74,cherry,fruity,odor,2011-10-02 06:10:14 UTC,2011-10-02 06:10:14 UTC,,
75,coconut,fruity,odor,2011-10-02 06:10:14 UTC,2011-10-02 06:10:14 UTC,,
76,cranberry,fruity,odor,2011-10-02 06:10:14 UTC,2011-10-02 06:10:14 UTC,,
77,grape,fruity,odor,2011-10-02 06:10:14 UTC,2011-10-02 06:10:14 UTC,,
78,grapefruit,fruity,odor,2011-10-02 06:10:14 UTC,2011-10-02 06:10:14 UTC,,
79,jam,fruity,odor,2011-10-02 06:10:14 UTC,2011-10-02 06:10:14 UTC,,
80,mango,fruity,odor,2011-10-02 06:10:14 UTC,2011-10-02 06:10:14 UTC,,
81,fruity,fruity,odor,2011-10-02 06:10:15 UTC,2011-10-02 06:10:15 UTC,,
82,papaya,fruity,odor,2011-10-02 06:10:15 UTC,2011-10-02 06:10:15 UTC,,
83,peach,fruity,odor,2011-10-02 06:10:15 UTC,2011-10-02 06:10:15 UTC,,
84,pear,fruity,odor,2011-10-02 06:10:15 UTC,2011-10-02 06:10:15 UTC,,
85,pineapple,fruity,odor,2011-10-02 06:10:15 UTC,2011-10-02 06:10:15 UTC,,
86,plum,fruity,odor,2011-10-02 06:10:15 UTC,2011-10-02 06:10:15 UTC,,
87,quince,fruity,odor,2011-10-02 06:10:15 UTC,2011-10-02 06:10:15 UTC,,
88,raspberry,fruity,odor,2011-10-02 06:10:15 UTC,2011-10-02 06:10:15 UTC,,
89,strawberry,fruity,odor,2011-10-02 06:10:15 UTC,2011-10-02 06:10:15 UTC,,
90,tart,fruity,odor,2011-10-02 06:10:15 UTC,2011-10-02 06:10:15 UTC,,
91,tropica,fruity,odor,2011-10-02 06:10:16 UTC,2011-10-02 06:10:16 UTC,,
92,watermelon,fruity,odor,2011-10-02 06:10:16 UTC,2011-10-02 06:10:16 UTC,,
93,alcohol,chemical,odor,2011-10-02 06:10:16 UTC,2011-10-02 06:10:16 UTC,,
94,plastic,chemical,odor,2011-10-02 06:10:16 UTC,2011-10-02 06:10:16 UTC,,
95,sulfurous,chemical,odor,2011-10-02 06:10:16 UTC,2011-10-02 06:10:16 UTC,,
96,almond,nutty,odor,2011-10-02 06:10:16 UTC,2011-10-02 06:10:16 UTC,,
97,hazelnut,nutty,odor,2011-10-02 06:10:16 UTC,2011-10-02 06:10:16 UTC,,
98,nutty,nutty,odor,2011-10-02 06:10:16 UTC,2011-10-02 06:10:16 UTC,,
99,peanut,nutty,odor,2011-10-02 06:10:16 UTC,2011-10-02 06:10:16 UTC,,
100,walnut,nutty,odor,2011-10-02 06:10:17 UTC,2011-10-02 06:10:17 UTC,,
101,camphoraceous,camphoraceous,odor,2011-10-02 06:10:17 UTC,2011-10-02 06:10:17 UTC,,
102,tobacco,tobacco,odor,2011-10-02 06:10:17 UTC,2011-10-02 06:10:17 UTC,,
103,minty,minty,odor,2011-10-02 06:10:17 UTC,2011-10-02 06:10:17 UTC,,
104,pepper,pepper,odor,2011-10-02 06:10:17 UTC,2011-10-02 06:10:17 UTC,,
105,medicinal,medicinal,odor,2011-10-02 06:10:17 UTC,2011-10-02 06:10:17 UTC,,
106,mossy,mossy,odor,2011-10-02 06:10:17 UTC,2011-10-02 06:10:17 UTC,,
107,fishy,fishy,odor,2011-10-02 06:10:17 UTC,2011-10-02 06:10:17 UTC,,
108,smoky,smoky,odor,2011-10-02 06:10:17 UTC,2011-10-02 06:10:17 UTC,,
109,musky,musky,odor,2011-10-02 06:10:17 UTC,2011-10-02 06:10:17 UTC,,
110,soapy,soapy,odor,2011-10-02 06:10:18 UTC,2011-10-02 06:10:18 UTC,,
111,seedy,seedy,odor,2011-10-02 06:10:18 UTC,2011-10-02 06:10:18 UTC,,
112,animal,animal,odor,2011-10-02 06:10:18 UTC,2011-10-02 06:10:18 UTC,,
113,alkaline,,odor,2011-10-02 06:12:13 UTC,2011-10-02 06:12:13 UTC,,
114,alkane,,odor,2011-10-02 06:12:13 UTC,2011-10-02 06:12:13 UTC,,
115,almond shell,,odor,2011-10-02 06:12:14 UTC,2011-10-02 06:12:14 UTC,,
116,amine,,odor,2011-10-02 06:12:14 UTC,2011-10-02 06:12:14 UTC,,
117,apple peel,,odor,2011-10-02 06:12:14 UTC,2011-10-02 06:12:14 UTC,,
118,baked,,odor,2011-10-02 06:12:14 UTC,2011-10-02 06:12:14 UTC,,
119,balsamic,,odor,2011-10-02 06:12:14 UTC,2011-10-02 06:12:14 UTC,,
120,basil,,odor,2011-10-02 06:12:14 UTC,2011-10-02 06:12:14 UTC,,
121,beet,,odor,2011-10-02 06:12:15 UTC,2011-10-02 06:12:15 UTC,,
122,biscuit,,odor,2011-10-02 06:12:15 UTC,2011-10-02 06:12:15 UTC,,
123,bitter,,odor,2011-10-02 06:12:15 UTC,2011-10-02 06:12:15 UTC,,
124,bitter almond,,odor,2011-10-02 06:12:15 UTC,2011-10-02 06:12:15 UTC,,
125,black currant,,odor,2011-10-02 06:12:15 UTC,2011-10-02 06:12:15 UTC,,
126,boiled vegetable,,odor,2011-10-02 06:12:15 UTC,2011-10-02 06:12:15 UTC,,
127,box tree,,odor,2011-10-02 06:12:15 UTC,2011-10-02 06:12:15 UTC,,
128,bread,,odor,2011-10-02 06:12:15 UTC,2011-10-02 06:12:15 UTC,,
129,broccoli,,odor,2011-10-02 06:12:15 UTC,2011-10-02 06:12:15 UTC,,
130,brown sugar,,odor,2011-10-02 06:12:15 UTC,2011-10-02 06:12:15 UTC,,
131,burnt,,odor,2011-10-02 06:12:16 UTC,2011-10-02 06:12:16 UTC,,
132,burnt sugar,,odor,2011-10-02 06:12:16 UTC,2011-10-02 06:12:16 UTC,,
133,cabbage,vegetable,odor,2011-10-02 06:12:16 UTC,2011-10-02 06:24:00 UTC,,2
134,camomile,,odor,2011-10-02 06:12:16 UTC,2011-10-02 06:12:16 UTC,,
135,camphor,,odor,2011-10-02 06:12:16 UTC,2011-10-02 06:12:16 UTC,,
136,cardboard,,odor,2011-10-02 06:12:16 UTC,2011-10-02 06:12:16 UTC,,
137,carrot,,odor,2011-10-02 06:12:17 UTC,2011-10-02 06:12:17 UTC,,
138,cat,,odor,2011-10-02 06:12:17 UTC,2011-10-02 06:12:17 UTC,,
139,chemical,,odor,2011-10-02 06:12:17 UTC,2011-10-02 06:12:17 UTC,,
140,cocoa,,odor,2011-10-02 06:12:17 UTC,2011-10-02 06:12:17 UTC,,
141,coffee,,odor,2011-10-02 06:12:17 UTC,2011-10-02 06:12:17 UTC,,
142,cognac,,odor,2011-10-02 06:12:18 UTC,2011-10-02 06:12:18 UTC,,
143,cologne,,odor,2011-10-02 06:12:18 UTC,2011-10-02 06:12:18 UTC,,
144,cooked meat,,odor,2011-10-02 06:12:18 UTC,2011-10-02 06:12:18 UTC,,
145,cooked potato,,odor,2011-10-02 06:12:18 UTC,2011-10-02 06:12:18 UTC,,
146,cooked vegetable,,odor,2011-10-02 06:12:18 UTC,2011-10-02 06:12:18 UTC,,
147,coriander,,odor,2011-10-02 06:12:18 UTC,2011-10-02 06:12:18 UTC,,
148,cotton candy,,odor,2011-10-02 06:12:18 UTC,2011-10-02 06:12:18 UTC,,
149,cream,,odor,2011-10-02 06:12:18 UTC,2011-10-02 06:12:18 UTC,,
150,crushed bug,,odor,2011-10-02 06:12:18 UTC,2011-10-02 06:12:18 UTC,,
151,curry,,odor,2011-10-02 06:12:19 UTC,2011-10-02 06:12:19 UTC,,
152,dill,,odor,2011-10-02 06:12:19 UTC,2011-10-02 06:12:19 UTC,,
153,dust,,odor,2011-10-02 06:12:19 UTC,2011-10-02 06:12:19 UTC,,
154,earth,,odor,2011-10-02 06:12:19 UTC,2011-10-02 06:12:19 UTC,,
155,ester,,odor,2011-10-02 06:12:19 UTC,2011-10-02 06:12:19 UTC,,
156,ether,,odor,2011-10-02 06:12:19 UTC,2011-10-02 06:12:19 UTC,,
157,fat,,odor,2011-10-02 06:12:19 UTC,2011-10-02 06:12:19 UTC,,
158,fecal,,odor,2011-10-02 06:12:19 UTC,2011-10-02 06:12:19 UTC,,
159,fish,,odor,2011-10-02 06:12:20 UTC,2011-10-02 06:12:20 UTC,,
160,flower,,odor,2011-10-02 06:12:20 UTC,2011-10-02 06:12:20 UTC,,
161,foxy,,odor,2011-10-02 06:12:20 UTC,2011-10-02 06:12:20 UTC,,
162,fresh,,odor,2011-10-02 06:12:20 UTC,2011-10-02 06:12:20 UTC,,
163,fried,,odor,2011-10-02 06:12:20 UTC,2011-10-02 06:12:20 UTC,,
164,fruit,,odor,2011-10-02 06:12:20 UTC,2011-10-02 06:12:20 UTC,,
165,garlic,,odor,2011-10-02 06:12:20 UTC,2011-10-02 06:12:20 UTC,,
166,gasoline,,odor,2011-10-02 06:12:20 UTC,2011-10-02 06:12:20 UTC,,
167,grass,,odor,2011-10-02 06:12:21 UTC,2011-10-02 06:12:21 UTC,,
168,green bean,,odor,2011-10-02 06:12:21 UTC,2011-10-02 06:12:21 UTC,,
169,green leaf,,odor,2011-10-02 06:12:21 UTC,2011-10-02 06:12:21 UTC,,
170,green pepper,,odor,2011-10-02 06:12:21 UTC,2011-10-02 06:12:21 UTC,,
171,green tea,,odor,2011-10-02 06:12:21 UTC,2011-10-02 06:12:21 UTC,,
172,herb,,odor,2011-10-02 06:12:21 UTC,2011-10-02 06:12:21 UTC,,
173,hot milk,,odor,2011-10-02 06:12:22 UTC,2011-10-02 06:12:22 UTC,,
174,hummus,,odor,2011-10-02 06:12:22 UTC,2011-10-02 06:12:22 UTC,,
175,lactone,,odor,2011-10-02 06:12:22 UTC,2011-10-02 06:12:22 UTC,,
176,leaf,,odor,2011-10-02 06:12:22 UTC,2011-10-02 06:12:22 UTC,,
177,lettuce,,odor,2011-10-02 06:12:22 UTC,2011-10-02 06:12:22 UTC,,
178,licorice,,odor,2011-10-02 06:12:23 UTC,2011-10-02 06:12:23 UTC,,
179,lilac,,odor,2011-10-02 06:12:23 UTC,2011-10-02 06:12:23 UTC,,
180,magnolia,,odor,2011-10-02 06:12:23 UTC,2011-10-02 06:12:23 UTC,,
181,malt,,odor,2011-10-02 06:12:23 UTC,2011-10-02 06:12:23 UTC,,
182,mandarin,,odor,2011-10-02 06:12:23 UTC,2011-10-02 06:12:23 UTC,,
183,marshmallow,,odor,2011-10-02 06:12:23 UTC,2011-10-02 06:12:23 UTC,,
184,meat,,odor,2011-10-02 06:12:23 UTC,2011-10-02 06:12:23 UTC,,
185,meat broth,,odor,2011-10-02 06:12:23 UTC,2011-10-02 06:12:23 UTC,,
186,medicine,,odor,2011-10-02 06:12:24 UTC,2011-10-02 06:12:24 UTC,,
187,menthol,,odor,2011-10-02 06:12:24 UTC,2011-10-02 06:12:24 UTC,,
188,metal,,odor,2011-10-02 06:12:24 UTC,2011-10-02 06:12:24 UTC,,
189,mildew,,odor,2011-10-02 06:12:24 UTC,2011-10-02 06:12:24 UTC,,
190,mint,,odor,2011-10-02 06:12:24 UTC,2011-10-02 06:12:24 UTC,,
191,mold,,odor,2011-10-02 06:12:24 UTC,2011-10-02 06:12:24 UTC,,
192,moss,,odor,2011-10-02 06:12:24 UTC,2011-10-02 06:12:24 UTC,,
193,mothball,,odor,2011-10-02 06:12:24 UTC,2011-10-02 06:12:24 UTC,,
194,muguet,,odor,2011-10-02 06:12:25 UTC,2011-10-02 06:12:25 UTC,,
195,must,,odor,2011-10-02 06:12:25 UTC,2011-10-02 06:12:25 UTC,,
196,mustard,,odor,2011-10-02 06:12:25 UTC,2011-10-02 06:12:25 UTC,,
197,nut,,odor,2011-10-02 06:12:25 UTC,2011-10-02 06:12:25 UTC,,
198,nutmeg,,odor,2011-10-02 06:12:25 UTC,2011-10-02 06:12:25 UTC,,
199,oil,,odor,2011-10-02 06:12:25 UTC,2011-10-02 06:12:25 UTC,,
200,onion,,odor,2011-10-02 06:12:25 UTC,2011-10-02 06:12:25 UTC,,
201,orange peel,,odor,2011-10-02 06:12:25 UTC,2011-10-02 06:12:25 UTC,,
202,orris,,odor,2011-10-02 06:12:26 UTC,2011-10-02 06:12:26 UTC,,
203,paint,,odor,2011-10-02 06:12:26 UTC,2011-10-02 06:12:26 UTC,,
204,paper,,odor,2011-10-02 06:12:26 UTC,2011-10-02 06:12:26 UTC,,
205,pea,,odor,2011-10-02 06:12:26 UTC,2011-10-02 06:12:26 UTC,,
206,peanut butter,,odor,2011-10-02 06:12:26 UTC,2011-10-02 06:12:26 UTC,,
207,peppermint,,odor,2011-10-02 06:12:26 UTC,2011-10-02 06:12:26 UTC,,
208,pesticide,,odor,2011-10-02 06:12:26 UTC,2011-10-02 06:12:26 UTC,,
209,phenol,,odor,2011-10-02 06:12:27 UTC,2011-10-02 06:12:27 UTC,,
210,pine,,odor,2011-10-02 06:12:27 UTC,2011-10-02 06:12:27 UTC,,
211,popcorn,,odor,2011-10-02 06:12:27 UTC,2011-10-02 06:12:27 UTC,,
212,prune,,odor,2011-10-02 06:12:27 UTC,2011-10-02 06:12:27 UTC,,
213,pungent,,odor,2011-10-02 06:12:27 UTC,2011-10-02 06:12:27 UTC,,
214,putrid,,odor,2011-10-02 06:12:27 UTC,2011-10-02 06:12:27 UTC,,
215,rancid,,odor,2011-10-02 06:12:28 UTC,2011-10-02 06:12:28 UTC,,
216,resin,,odor,2011-10-02 06:12:28 UTC,2011-10-02 06:12:28 UTC,,
217,roast,,odor,2011-10-02 06:12:28 UTC,2011-10-02 06:12:28 UTC,,
218,roast beef,,odor,2011-10-02 06:12:28 UTC,2011-10-02 06:12:28 UTC,,
219,roasted meat,,odor,2011-10-02 06:12:28 UTC,2011-10-02 06:12:28 UTC,,
220,roasted nut,,odor,2011-10-02 06:12:28 UTC,2011-10-02 06:12:28 UTC,,
221,rubber,,odor,2011-10-02 06:12:28 UTC,2011-10-02 06:12:28 UTC,,
222,seaweed,,odor,2011-10-02 06:12:28 UTC,2011-10-02 06:12:28 UTC,,
223,sharp,,odor,2011-10-02 06:12:29 UTC,2011-10-02 06:12:29 UTC,,
224,smoke,,odor,2011-10-02 06:12:29 UTC,2011-10-02 06:12:29 UTC,,
225,soap,,odor,2011-10-02 06:12:29 UTC,2011-10-02 06:12:29 UTC,,
226,solvent,,odor,2011-10-02 06:12:29 UTC,2011-10-02 06:12:29 UTC,,
227,soy,,odor,2011-10-02 06:12:29 UTC,2011-10-02 06:12:29 UTC,,
228,spearmint,,odor,2011-10-02 06:12:29 UTC,2011-10-02 06:12:29 UTC,,
229,spice,,odor,2011-10-02 06:12:29 UTC,2011-10-02 06:12:29 UTC,,
230,straw,,odor,2011-10-02 06:12:29 UTC,2011-10-02 06:12:29 UTC,,
231,sulfur,,odor,2011-10-02 06:12:29 UTC,2011-10-02 06:12:29 UTC,,
232,sweat,,odor,2011-10-02 06:12:30 UTC,2011-10-02 06:12:30 UTC,,
233,tallow,,odor,2011-10-02 06:12:30 UTC,2011-10-02 06:12:30 UTC,,
234,tar,,odor,2011-10-02 06:12:30 UTC,2011-10-02 06:12:30 UTC,,
235,tart lime,,odor,2011-10-02 06:12:30 UTC,2011-10-02 06:12:30 UTC,,
236,tea,,odor,2011-10-02 06:12:30 UTC,2011-10-02 06:12:30 UTC,,
237,terpentine,,odor,2011-10-02 06:12:30 UTC,2011-10-02 06:12:30 UTC,,
238,thiamin,,odor,2011-10-02 06:12:30 UTC,2011-10-02 06:12:30 UTC,,
239,thyme,,odor,2011-10-02 06:12:30 UTC,2011-10-02 06:12:30 UTC,,
240,tomato leaf,,odor,2011-10-02 06:12:31 UTC,2011-10-02 06:12:31 UTC,,
241,truffle,,odor,2011-10-02 06:12:31 UTC,2011-10-02 06:12:31 UTC,,
242,turpentine,,odor,2011-10-02 06:12:31 UTC,2011-10-02 06:12:31 UTC,,
243,urine,,odor,2011-10-02 06:12:31 UTC,2011-10-02 06:12:31 UTC,,
244,vinyl,,odor,2011-10-02 06:12:31 UTC,2011-10-02 06:12:31 UTC,,
245,warm,,odor,2011-10-02 06:12:31 UTC,2011-10-02 06:12:31 UTC,,
246,wax,,odor,2011-10-02 06:12:32 UTC,2011-10-02 06:12:32 UTC,,
247,weak spice,,odor,2011-10-02 06:12:32 UTC,2011-10-02 06:12:32 UTC,,
248,wet cloth,,odor,2011-10-02 06:12:32 UTC,2011-10-02 06:12:32 UTC,,
249,wine,,odor,2011-10-02 06:12:32 UTC,2011-10-02 06:12:32 UTC,,
250,wood,,odor,2011-10-02 06:12:32 UTC,2011-10-02 06:12:32 UTC,,
251,yeast,,odor,2011-10-02 06:12:32 UTC,2011-10-02 06:12:32 UTC,,
252,acid,,odor,2011-10-02 06:25:59 UTC,2011-10-02 06:25:59 UTC,2,2
253,4-t-butyl cyclohexyl acetate,,odor,2011-11-25 20:30:54 UTC,2011-11-25 20:30:54 UTC,,
254,absinthe,,odor,2011-11-25 20:30:54 UTC,2011-11-25 20:30:54 UTC,,
255,absolute,,odor,2011-11-25 20:30:54 UTC,2011-11-25 20:30:54 UTC,,
256,acacia,,odor,2011-11-25 20:30:54 UTC,2011-11-25 20:30:54 UTC,,
257,acetate,,odor,2011-11-25 20:30:54 UTC,2011-11-25 20:30:54 UTC,,
258,acetic,,odor,2011-11-25 20:30:55 UTC,2011-11-25 20:30:55 UTC,,
259,acetoin,,odor,2011-11-25 20:30:55 UTC,2011-11-25 20:30:55 UTC,,
260,acetone,,odor,2011-11-25 20:30:55 UTC,2011-11-25 20:30:55 UTC,,
261,acetophenone,,odor,2011-11-25 20:30:55 UTC,2011-11-25 20:30:55 UTC,,
262,acidic,,odor,2011-11-25 20:30:55 UTC,2011-11-25 20:30:55 UTC,,
263,acorn,,odor,2011-11-25 20:30:55 UTC,2011-11-25 20:30:55 UTC,,
264,acrid,,odor,2011-11-25 20:30:56 UTC,2011-11-25 20:30:56 UTC,,
265,acrylate,,odor,2011-11-25 20:30:56 UTC,2011-11-25 20:30:56 UTC,,
266,acrylic,,odor,2011-11-25 20:30:56 UTC,2011-11-25 20:30:56 UTC,,
267,adoxal,,odor,2011-11-25 20:30:56 UTC,2011-11-25 20:30:56 UTC,,
268,air marine,,odor,2011-11-25 20:30:56 UTC,2011-11-25 20:30:56 UTC,,
269,alcoholic,,odor,2011-11-25 20:30:56 UTC,2011-11-25 20:30:56 UTC,,
270,aldehyde,,odor,2011-11-25 20:30:57 UTC,2011-11-25 20:30:57 UTC,,
271,aldehydic,,odor,2011-11-25 20:30:57 UTC,2011-11-25 20:30:57 UTC,,
272,algae,,odor,2011-11-25 20:30:58 UTC,2011-11-25 20:30:58 UTC,,
273,alliaceous,,odor,2011-11-25 20:30:59 UTC,2011-11-25 20:30:59 UTC,,
274,allo-ocimenol,,odor,2011-11-25 20:30:59 UTC,2011-11-25 20:30:59 UTC,,
275,allspice,,odor,2011-11-25 20:30:59 UTC,2011-11-25 20:30:59 UTC,,
276,almost odorless,,odor,2011-11-25 20:31:00 UTC,2011-11-25 20:31:00 UTC,,
277,amber,,odor,2011-11-25 20:31:00 UTC,2011-11-25 20:31:00 UTC,,
278,ambergris,,odor,2011-11-25 20:31:00 UTC,2011-11-25 20:31:00 UTC,,
279,ambrette,,odor,2011-11-25 20:31:01 UTC,2011-11-25 20:31:01 UTC,,
280,ambrette seed,,odor,2011-11-25 20:31:01 UTC,2011-11-25 20:31:01 UTC,,
281,ambrette seed effect,,odor,2011-11-25 20:31:01 UTC,2011-11-25 20:31:01 UTC,,
282,ammonia,,odor,2011-11-25 20:31:01 UTC,2011-11-25 20:31:01 UTC,,
283,ammoniacal,,odor,2011-11-25 20:31:02 UTC,2011-11-25 20:31:02 UTC,,
284,amyl butyl ester,,odor,2011-11-25 20:31:02 UTC,2011-11-25 20:31:02 UTC,,
285,amyris,,odor,2011-11-25 20:31:02 UTC,2011-11-25 20:31:02 UTC,,
286,angelic,,odor,2011-11-25 20:31:02 UTC,2011-11-25 20:31:02 UTC,,
287,angelica,,odor,2011-11-25 20:31:02 UTC,2011-11-25 20:31:02 UTC,,
288,aniseed,,odor,2011-11-25 20:31:03 UTC,2011-11-25 20:31:03 UTC,,
289,anisic,,odor,2011-11-25 20:31:03 UTC,2011-11-25 20:31:03 UTC,,
290,anisyl acetate,,odor,2011-11-25 20:31:03 UTC,2011-11-25 20:31:03 UTC,,
291,apple juice,,odor,2011-11-25 20:31:03 UTC,2011-11-25 20:31:03 UTC,,
292,apple skin,,odor,2011-11-25 20:31:03 UTC,2011-11-25 20:31:03 UTC,,
293,armoise,,odor,2011-11-25 20:31:03 UTC,2011-11-25 20:31:03 UTC,,
294,aromatic,,odor,2011-11-25 20:31:04 UTC,2011-11-25 20:31:04 UTC,,
295,arrack,,odor,2011-11-25 20:31:04 UTC,2011-11-25 20:31:04 UTC,,
296,artichoke,,odor,2011-11-25 20:31:04 UTC,2011-11-25 20:31:04 UTC,,
297,asprin,,odor,2011-11-25 20:31:04 UTC,2011-11-25 20:31:04 UTC,,
298,astringent,,odor,2011-11-25 20:31:04 UTC,2011-11-25 20:31:04 UTC,,
299,autumn,,odor,2011-11-25 20:31:04 UTC,2011-11-25 20:31:04 UTC,,
300,azalea,,odor,2011-11-25 20:31:04 UTC,2011-11-25 20:31:04 UTC,,
301,banana peel,,odor,2011-11-25 20:31:05 UTC,2011-11-25 20:31:05 UTC,,
302,banana skin,,odor,2011-11-25 20:31:05 UTC,2011-11-25 20:31:05 UTC,,
303,bark,,odor,2011-11-25 20:31:05 UTC,2011-11-25 20:31:05 UTC,,
304,barley,,odor,2011-11-25 20:31:06 UTC,2011-11-25 20:31:06 UTC,,
305,bay oil,,odor,2011-11-25 20:31:06 UTC,2011-11-25 20:31:06 UTC,,
306,bean,,odor,2011-11-25 20:31:06 UTC,2011-11-25 20:31:06 UTC,,
307,beany,,odor,2011-11-25 20:31:06 UTC,2011-11-25 20:31:06 UTC,,
308,beef gravey,,odor,2011-11-25 20:31:06 UTC,2011-11-25 20:31:06 UTC,,
309,beef juice,,odor,2011-11-25 20:31:07 UTC,2011-11-25 20:31:07 UTC,,
310,beefy,,odor,2011-11-25 20:31:07 UTC,2011-11-25 20:31:07 UTC,,
311,beeswax,,odor,2011-11-25 20:31:07 UTC,2011-11-25 20:31:07 UTC,,
312,bell,,odor,2011-11-25 20:31:07 UTC,2011-11-25 20:31:07 UTC,,
313,benzaldehyde,,odor,2011-11-25 20:31:07 UTC,2011-11-25 20:31:07 UTC,,
314,benzophenone,,odor,2011-11-25 20:31:07 UTC,2011-11-25 20:31:07 UTC,,
315,benzyl acetate,,odor,2011-11-25 20:31:07 UTC,2011-11-25 20:31:07 UTC,,
316,benzyl propionate,,odor,2011-11-25 20:31:08 UTC,2011-11-25 20:31:08 UTC,,
317,bergamot,,odor,2011-11-25 20:31:08 UTC,2011-11-25 20:31:08 UTC,,
318,bilberry,,odor,2011-11-25 20:31:08 UTC,2011-11-25 20:31:08 UTC,,
319,bisabolene,,odor,2011-11-25 20:31:08 UTC,2011-11-25 20:31:08 UTC,,
320,black tea,,odor,2011-11-25 20:31:08 UTC,2011-11-25 20:31:08 UTC,,
321,blackberry,,odor,2011-11-25 20:31:08 UTC,2011-11-25 20:31:08 UTC,,
322,blackcurrant,,odor,2011-11-25 20:31:09 UTC,2011-11-25 20:31:09 UTC,,
323,bland,,odor,2011-11-25 20:31:09 UTC,2011-11-25 20:31:09 UTC,,
324,bloody,,odor,2011-11-25 20:31:09 UTC,2011-11-25 20:31:09 UTC,,
325,bloomy,,odor,2011-11-25 20:31:09 UTC,2011-11-25 20:31:09 UTC,,
326,blue cheese,,odor,2011-11-25 20:31:09 UTC,2011-11-25 20:31:09 UTC,,
327,bluebell,,odor,2011-11-25 20:31:10 UTC,2011-11-25 20:31:10 UTC,,
328,blueberry,,odor,2011-11-25 20:31:10 UTC,2011-11-25 20:31:10 UTC,,
329,boiled beef,,odor,2011-11-25 20:31:10 UTC,2011-11-25 20:31:10 UTC,,
330,boiled egg,,odor,2011-11-25 20:31:10 UTC,2011-11-25 20:31:10 UTC,,
331,boiled meat,,odor,2011-11-25 20:31:10 UTC,2011-11-25 20:31:10 UTC,,
332,boiled shrimp,,odor,2011-11-25 20:31:10 UTC,2011-11-25 20:31:10 UTC,,
333,bois de rose,,odor,2011-11-25 20:31:10 UTC,2011-11-25 20:31:10 UTC,,
334,borneol,,odor,2011-11-25 20:31:10 UTC,2011-11-25 20:31:10 UTC,,
335,boronia,,odor,2011-11-25 20:31:11 UTC,2011-11-25 20:31:11 UTC,,
336,bouillon,,odor,2011-11-25 20:31:11 UTC,2011-11-25 20:31:11 UTC,,
337,bourbon,,odor,2011-11-25 20:31:11 UTC,2011-11-25 20:31:11 UTC,,
338,brassylate,,odor,2011-11-25 20:31:11 UTC,2011-11-25 20:31:11 UTC,,
339,bread crust,,odor,2011-11-25 20:31:11 UTC,2011-11-25 20:31:11 UTC,,
340,bready,,odor,2011-11-25 20:31:12 UTC,2011-11-25 20:31:12 UTC,,
341,broom,,odor,2011-11-25 20:31:12 UTC,2011-11-25 20:31:12 UTC,,
342,broth,,odor,2011-11-25 20:31:12 UTC,2011-11-25 20:31:12 UTC,,
343,brothy,,odor,2011-11-25 20:31:12 UTC,2011-11-25 20:31:12 UTC,,
344,brown,,odor,2011-11-25 20:31:12 UTC,2011-11-25 20:31:12 UTC,,
345,brussel sprouts,,odor,2011-11-25 20:31:12 UTC,2011-11-25 20:31:12 UTC,,
346,buchu,,odor,2011-11-25 20:31:13 UTC,2011-11-25 20:31:13 UTC,,
347,burnt almonds,,odor,2011-11-25 20:31:13 UTC,2011-11-25 20:31:13 UTC,,
348,buttered,,odor,2011-11-25 20:31:13 UTC,2011-11-25 20:31:13 UTC,,
349,buttermilk,,odor,2011-11-25 20:31:13 UTC,2011-11-25 20:31:13 UTC,,
350,buttery,,odor,2011-11-25 20:31:13 UTC,2011-11-25 20:31:13 UTC,,
351,butyrate,,odor,2011-11-25 20:31:14 UTC,2011-11-25 20:31:14 UTC,,
352,butyric,,odor,2011-11-25 20:31:14 UTC,2011-11-25 20:31:14 UTC,,
353,cacao,,odor,2011-11-25 20:31:14 UTC,2011-11-25 20:31:14 UTC,,
354,caco,,odor,2011-11-25 20:31:14 UTC,2011-11-25 20:31:14 UTC,,
355,cadaverous,,odor,2011-11-25 20:31:14 UTC,2011-11-25 20:31:14 UTC,,
356,cake,,odor,2011-11-25 20:31:14 UTC,2011-11-25 20:31:14 UTC,,
357,camphoreous,,odor,2011-11-25 20:31:15 UTC,2011-11-25 20:31:15 UTC,,
358,cananga,,odor,2011-11-25 20:31:15 UTC,2011-11-25 20:31:15 UTC,,
359,candy,,odor,2011-11-25 20:31:15 UTC,2011-11-25 20:31:15 UTC,,
360,cantaloupe rind,,odor,2011-11-25 20:31:15 UTC,2011-11-25 20:31:15 UTC,,
361,capers,,odor,2011-11-25 20:31:15 UTC,2011-11-25 20:31:15 UTC,,
362,caramellic,,odor,2011-11-25 20:31:16 UTC,2011-11-25 20:31:16 UTC,,
363,carao,,odor,2011-11-25 20:31:16 UTC,2011-11-25 20:31:16 UTC,,
364,cardamom,,odor,2011-11-25 20:31:16 UTC,2011-11-25 20:31:16 UTC,,
365,carvone,,odor,2011-11-25 20:31:16 UTC,2011-11-25 20:31:16 UTC,,
366,cashew,,odor,2011-11-25 20:31:17 UTC,2011-11-25 20:31:17 UTC,,
367,casky,,odor,2011-11-25 20:31:17 UTC,2011-11-25 20:31:17 UTC,,
368,cassia,,odor,2011-11-25 20:31:17 UTC,2011-11-25 20:31:17 UTC,,
369,cassie,,odor,2011-11-25 20:31:17 UTC,2011-11-25 20:31:17 UTC,,
370,cassis,,odor,2011-11-25 20:31:17 UTC,2011-11-25 20:31:17 UTC,,
371,castoreum,,odor,2011-11-25 20:31:17 UTC,2011-11-25 20:31:17 UTC,,
372,cat-urine,,odor,2011-11-25 20:31:18 UTC,2011-11-25 20:31:18 UTC,,
373,catty,,odor,2011-11-25 20:31:18 UTC,2011-11-25 20:31:18 UTC,,
374,cauliflower,,odor,2011-11-25 20:31:18 UTC,2011-11-25 20:31:18 UTC,,
375,cayloxol,,odor,2011-11-25 20:31:18 UTC,2011-11-25 20:31:18 UTC,,
376,cedarleaf,,odor,2011-11-25 20:31:18 UTC,2011-11-25 20:31:18 UTC,,
377,cedarwood,,odor,2011-11-25 20:31:18 UTC,2011-11-25 20:31:18 UTC,,
378,celery seed,,odor,2011-11-25 20:31:19 UTC,2011-11-25 20:31:19 UTC,,
379,cereal,,odor,2011-11-25 20:31:19 UTC,2011-11-25 20:31:19 UTC,,
380,chamomile,,odor,2011-11-25 20:31:19 UTC,2011-11-25 20:31:19 UTC,,
381,cheesy,,odor,2011-11-25 20:31:19 UTC,2011-11-25 20:31:19 UTC,,
382,cherry-pit,,odor,2011-11-25 20:31:19 UTC,2011-11-25 20:31:19 UTC,,
383,chicken,,odor,2011-11-25 20:31:20 UTC,2011-11-25 20:31:20 UTC,,
384,chicken coop,,odor,2011-11-25 20:31:20 UTC,2011-11-25 20:31:20 UTC,,
385,chip,,odor,2011-11-25 20:31:20 UTC,2011-11-25 20:31:20 UTC,,
386,chlorine,,odor,2011-11-25 20:31:20 UTC,2011-11-25 20:31:20 UTC,,
387,chloroform,,odor,2011-11-25 20:31:20 UTC,2011-11-25 20:31:20 UTC,,
388,chrysanthemum,,odor,2011-11-25 20:31:20 UTC,2011-11-25 20:31:20 UTC,,
389,cigar box,,odor,2011-11-25 20:31:21 UTC,2011-11-25 20:31:21 UTC,,
390,cinnamate,,odor,2011-11-25 20:31:21 UTC,2011-11-25 20:31:21 UTC,,
391,cinnamic,,odor,2011-11-25 20:31:21 UTC,2011-11-25 20:31:21 UTC,,
392,cinnamyl,,odor,2011-11-25 20:31:21 UTC,2011-11-25 20:31:21 UTC,,
393,cistus,,odor,2011-11-25 20:31:21 UTC,2011-11-25 20:31:21 UTC,,
394,citral,,odor,2011-11-25 20:31:21 UTC,2011-11-25 20:31:21 UTC,,
395,citralva,,odor,2011-11-25 20:31:21 UTC,2011-11-25 20:31:21 UTC,,
396,citric,,odor,2011-11-25 20:31:22 UTC,2011-11-25 20:31:22 UTC,,
397,citronella,,odor,2011-11-25 20:31:22 UTC,2011-11-25 20:31:22 UTC,,
398,citronellol,,odor,2011-11-25 20:31:22 UTC,2011-11-25 20:31:22 UTC,,
399,citronellyl acetate,,odor,2011-11-25 20:31:22 UTC,2011-11-25 20:31:22 UTC,,
400,citrus peel,,odor,2011-11-25 20:31:22 UTC,2011-11-25 20:31:22 UTC,,
401,civet,,odor,2011-11-25 20:31:22 UTC,2011-11-25 20:31:22 UTC,,
402,clam,,odor,2011-11-25 20:31:23 UTC,2011-11-25 20:31:23 UTC,,
403,clary,,odor,2011-11-25 20:31:23 UTC,2011-11-25 20:31:23 UTC,,
404,clean,,odor,2011-11-25 20:31:23 UTC,2011-11-25 20:31:23 UTC,,
405,clean cloth,,odor,2011-11-25 20:31:23 UTC,2011-11-25 20:31:23 UTC,,
406,clean clothes,,odor,2011-11-25 20:31:23 UTC,2011-11-25 20:31:23 UTC,,
407,clean cloths,,odor,2011-11-25 20:31:23 UTC,2011-11-25 20:31:23 UTC,,
408,clover,,odor,2011-11-25 20:31:24 UTC,2011-11-25 20:31:24 UTC,,
409,concord grape,,odor,2011-11-25 20:31:24 UTC,2011-11-25 20:31:24 UTC,,
410,cooked,,odor,2011-11-25 20:31:24 UTC,2011-11-25 20:31:24 UTC,,
411,cooked beef juice,,odor,2011-11-25 20:31:25 UTC,2011-11-25 20:31:25 UTC,,
412,cookies,,odor,2011-11-25 20:31:25 UTC,2011-11-25 20:31:25 UTC,,
413,cool,,odor,2011-11-25 20:31:25 UTC,2011-11-25 20:31:25 UTC,,
414,cooling,,odor,2011-11-25 20:31:25 UTC,2011-11-25 20:31:25 UTC,,
415,cortex,,odor,2011-11-25 20:31:25 UTC,2011-11-25 20:31:25 UTC,,
416,costus,,odor,2011-11-25 20:31:26 UTC,2011-11-25 20:31:26 UTC,,
417,cotton,,odor,2011-11-25 20:31:26 UTC,2011-11-25 20:31:26 UTC,,
418,coumarinic,,odor,2011-11-25 20:31:26 UTC,2011-11-25 20:31:26 UTC,,
419,crab,,odor,2011-11-25 20:31:26 UTC,2011-11-25 20:31:26 UTC,,
420,creosote,,odor,2011-11-25 20:31:26 UTC,2011-11-25 20:31:26 UTC,,
421,cresol,,odor,2011-11-25 20:31:27 UTC,2011-11-25 20:31:27 UTC,,
422,crispy,,odor,2011-11-25 20:31:27 UTC,2011-11-25 20:31:27 UTC,,
423,cucumber seed,,odor,2011-11-25 20:31:27 UTC,2011-11-25 20:31:27 UTC,,
424,cucumber skin,,odor,2011-11-25 20:31:27 UTC,2011-11-25 20:31:27 UTC,,
425,cultured dairy,,odor,2011-11-25 20:31:27 UTC,2011-11-25 20:31:27 UTC,,
426,cumin,,odor,2011-11-25 20:31:27 UTC,2011-11-25 20:31:27 UTC,,
427,cuminic acetate,,odor,2011-11-25 20:31:28 UTC,2011-11-25 20:31:28 UTC,,
428,cuminseed,,odor,2011-11-25 20:31:28 UTC,2011-11-25 20:31:28 UTC,,
429,custard,,odor,2011-11-25 20:31:28 UTC,2011-11-25 20:31:28 UTC,,
430,cut grass,,odor,2011-11-25 20:31:28 UTC,2011-11-25 20:31:28 UTC,,
431,cut privet,,odor,2011-11-25 20:31:28 UTC,2011-11-25 20:31:28 UTC,,
432,cyclamen,,odor,2011-11-25 20:31:28 UTC,2011-11-25 20:31:28 UTC,,
433,cypress,,odor,2011-11-25 20:31:28 UTC,2011-11-25 20:31:28 UTC,,
434,dairy,,odor,2011-11-25 20:31:29 UTC,2011-11-25 20:31:29 UTC,,
435,damascone,,odor,2011-11-25 20:31:29 UTC,2011-11-25 20:31:29 UTC,,
436,damp,,odor,2011-11-25 20:31:29 UTC,2011-11-25 20:31:29 UTC,,
437,dank,,odor,2011-11-25 20:31:29 UTC,2011-11-25 20:31:29 UTC,,
438,dark,,odor,2011-11-25 20:31:29 UTC,2011-11-25 20:31:29 UTC,,
439,date,,odor,2011-11-25 20:31:29 UTC,2011-11-25 20:31:29 UTC,,
440,decomposing cabbage,,odor,2011-11-25 20:31:29 UTC,2011-11-25 20:31:29 UTC,,
441,deep,,odor,2011-11-25 20:31:30 UTC,2011-11-25 20:31:30 UTC,,
442,delicate,,odor,2011-11-25 20:31:30 UTC,2011-11-25 20:31:30 UTC,,
443,dewy,,odor,2011-11-25 20:31:30 UTC,2011-11-25 20:31:30 UTC,,
444,diffusive,,odor,2011-11-25 20:31:30 UTC,2011-11-25 20:31:30 UTC,,
445,dihydrolinalool,,odor,2011-11-25 20:31:30 UTC,2011-11-25 20:31:30 UTC,,
446,diphenyl oxide,,odor,2011-11-25 20:31:30 UTC,2011-11-25 20:31:30 UTC,,
447,dirt,,odor,2011-11-25 20:31:31 UTC,2011-11-25 20:31:31 UTC,,
448,dirty,,odor,2011-11-25 20:31:31 UTC,2011-11-25 20:31:31 UTC,,
449,diterpene,,odor,2011-11-25 20:31:31 UTC,2011-11-25 20:31:31 UTC,,
450,dried berry,,odor,2011-11-25 20:31:31 UTC,2011-11-25 20:31:31 UTC,,
451,dried fruit,,odor,2011-11-25 20:31:31 UTC,2011-11-25 20:31:31 UTC,,
452,dried raspberry,,odor,2011-11-25 20:31:31 UTC,2011-11-25 20:31:31 UTC,,
453,dry,,odor,2011-11-25 20:31:31 UTC,2011-11-25 20:31:31 UTC,,
454,durian,,odor,2011-11-25 20:31:32 UTC,2011-11-25 20:31:32 UTC,,
455,dusty,,odor,2011-11-25 20:31:32 UTC,2011-11-25 20:31:32 UTC,,
456,egg,,odor,2011-11-25 20:31:32 UTC,2011-11-25 20:31:32 UTC,,
457,elderflower,,odor,2011-11-25 20:31:32 UTC,2011-11-25 20:31:32 UTC,,
458,elemi,,odor,2011-11-25 20:31:32 UTC,2011-11-25 20:31:32 UTC,,
459,estery,,odor,2011-11-25 20:31:33 UTC,2011-11-25 20:31:33 UTC,,
460,ethereal,,odor,2011-11-25 20:31:33 UTC,2011-11-25 20:31:33 UTC,,
461,ethyl benzoate,,odor,2011-11-25 20:31:33 UTC,2011-11-25 20:31:33 UTC,,
462,ethyl safranate,,odor,2011-11-25 20:31:33 UTC,2011-11-25 20:31:33 UTC,,
463,eucalyptus,,odor,2011-11-25 20:31:33 UTC,2011-11-25 20:31:33 UTC,,
464,eugenol,,odor,2011-11-25 20:31:34 UTC,2011-11-25 20:31:34 UTC,,
465,everlasting,,odor,2011-11-25 20:31:34 UTC,2011-11-25 20:31:34 UTC,,
466,extremely sweet,,odor,2011-11-25 20:31:34 UTC,2011-11-25 20:31:34 UTC,,
467,faint,,odor,2011-11-25 20:31:34 UTC,2011-11-25 20:31:34 UTC,,
468,farnesol,,odor,2011-11-25 20:31:34 UTC,2011-11-25 20:31:34 UTC,,
469,feet,,odor,2011-11-25 20:31:35 UTC,2011-11-25 20:31:35 UTC,,
470,fenchyl,,odor,2011-11-25 20:31:35 UTC,2011-11-25 20:31:35 UTC,,
471,fenugreek,,odor,2011-11-25 20:31:35 UTC,2011-11-25 20:31:35 UTC,,
472,fermented,,odor,2011-11-25 20:31:35 UTC,2011-11-25 20:31:35 UTC,,
473,fern,,odor,2011-11-25 20:31:35 UTC,2011-11-25 20:31:35 UTC,,
474,feta cheese,,odor,2011-11-25 20:31:35 UTC,2011-11-25 20:31:35 UTC,,
475,fig,,odor,2011-11-25 20:31:36 UTC,2011-11-25 20:31:36 UTC,,
476,filbert,,odor,2011-11-25 20:31:36 UTC,2011-11-25 20:31:36 UTC,,
477,fine,,odor,2011-11-25 20:31:36 UTC,2011-11-25 20:31:36 UTC,,
478,fir,,odor,2011-11-25 20:31:36 UTC,2011-11-25 20:31:36 UTC,,
479,fir needle,,odor,2011-11-25 20:31:36 UTC,2011-11-25 20:31:36 UTC,,
480,flat,,odor,2011-11-25 20:31:36 UTC,2011-11-25 20:31:36 UTC,,
481,fleafy,,odor,2011-11-25 20:31:37 UTC,2011-11-25 20:31:37 UTC,,
482,fleshy,,odor,2011-11-25 20:31:37 UTC,2011-11-25 20:31:37 UTC,,
483,flower shop,,odor,2011-11-25 20:31:37 UTC,2011-11-25 20:31:37 UTC,,
484,foliage,,odor,2011-11-25 20:31:37 UTC,2011-11-25 20:31:37 UTC,,
485,forest,,odor,2011-11-25 20:31:37 UTC,2011-11-25 20:31:37 UTC,,
486,formyl,,odor,2011-11-25 20:31:37 UTC,2011-11-25 20:31:37 UTC,,
487,fragrant,,odor,2011-11-25 20:31:38 UTC,2011-11-25 20:31:38 UTC,,
488,freesia,,odor,2011-11-25 20:31:38 UTC,2011-11-25 20:31:38 UTC,,
489,fresh air,,odor,2011-11-25 20:31:38 UTC,2011-11-25 20:31:38 UTC,,
490,fresh outdoors,,odor,2011-11-25 20:31:38 UTC,2011-11-25 20:31:38 UTC,,
491,freshly bruised dock leaves,,odor,2011-11-25 20:31:38 UTC,2011-11-25 20:31:38 UTC,,
492,freshly bruised mallow leaves,,odor,2011-11-25 20:31:38 UTC,2011-11-25 20:31:38 UTC,,
493,freshly bruised sage leaves,,odor,2011-11-25 20:31:39 UTC,2011-11-25 20:31:39 UTC,,
494,freshly plowed soil,,odor,2011-11-25 20:31:39 UTC,2011-11-25 20:31:39 UTC,,
495,fungal,,odor,2011-11-25 20:31:39 UTC,2011-11-25 20:31:39 UTC,,
496,furfural,,odor,2011-11-25 20:31:39 UTC,2011-11-25 20:31:39 UTC,,
497,fusel,,odor,2011-11-25 20:31:40 UTC,2011-11-25 20:31:40 UTC,,
498,galbanum,,odor,2011-11-25 20:31:40 UTC,2011-11-25 20:31:40 UTC,,
499,gassy,,odor,2011-11-25 20:31:40 UTC,2011-11-25 20:31:40 UTC,,
500,genet,,odor,2011-11-25 20:31:40 UTC,2011-11-25 20:31:40 UTC,,
501,genista,,odor,2011-11-25 20:31:40 UTC,2011-11-25 20:31:40 UTC,,
502,genuine,,odor,2011-11-25 20:31:41 UTC,2011-11-25 20:31:41 UTC,,
503,gin,,odor,2011-11-25 20:31:41 UTC,2011-11-25 20:31:41 UTC,,
504,ginger,,odor,2011-11-25 20:31:41 UTC,2011-11-25 20:31:41 UTC,,
505,ginger root oil,,odor,2011-11-25 20:31:41 UTC,2011-11-25 20:31:41 UTC,,
506,glue,,odor,2011-11-25 20:31:41 UTC,2011-11-25 20:31:41 UTC,,
507,gooseberry,,odor,2011-11-25 20:31:41 UTC,2011-11-25 20:31:41 UTC,,
508,grain,,odor,2011-11-25 20:31:41 UTC,2011-11-25 20:31:41 UTC,,
509,grape skin,,odor,2011-11-25 20:31:42 UTC,2011-11-25 20:31:42 UTC,,
510,grapefruit peel,,odor,2011-11-25 20:31:43 UTC,2011-11-25 20:31:43 UTC,,
511,grapefruit skin,,odor,2011-11-25 20:31:44 UTC,2011-11-25 20:31:44 UTC,,
512,grassy,,odor,2011-11-25 20:31:44 UTC,2011-11-25 20:31:44 UTC,,
513,gravy,,odor,2011-11-25 20:31:44 UTC,2011-11-25 20:31:44 UTC,,
514,greasy,,odor,2011-11-25 20:31:44 UTC,2011-11-25 20:31:44 UTC,,
515,green onions,,odor,2011-11-25 20:31:45 UTC,2011-11-25 20:31:45 UTC,,
516,grilled,,odor,2011-11-25 20:31:45 UTC,2011-11-25 20:31:45 UTC,,
517,grocery store,,odor,2011-11-25 20:31:45 UTC,2011-11-25 20:31:45 UTC,,
518,ground,,odor,2011-11-25 20:31:45 UTC,2011-11-25 20:31:45 UTC,,
519,guaiacol,,odor,2011-11-25 20:31:45 UTC,2011-11-25 20:31:45 UTC,,
520,guaiacwood,,odor,2011-11-25 20:31:45 UTC,2011-11-25 20:31:45 UTC,,
521,hairy,,odor,2011-11-25 20:31:46 UTC,2011-11-25 20:31:46 UTC,,
522,ham,,odor,2011-11-25 20:31:46 UTC,2011-11-25 20:31:46 UTC,,
523,hard yolk,,odor,2011-11-25 20:31:46 UTC,2011-11-25 20:31:46 UTC,,
524,harsh,,odor,2011-11-25 20:31:46 UTC,2011-11-25 20:31:46 UTC,,
525,hawthorn,,odor,2011-11-25 20:31:46 UTC,2011-11-25 20:31:46 UTC,,
526,hay,,odor,2011-11-25 20:31:46 UTC,2011-11-25 20:31:46 UTC,,
527,heather,,odor,2011-11-25 20:31:47 UTC,2011-11-25 20:31:47 UTC,,
528,heavy,,odor,2011-11-25 20:31:47 UTC,2011-11-25 20:31:47 UTC,,
529,heliotrope,,odor,2011-11-25 20:31:47 UTC,2011-11-25 20:31:47 UTC,,
530,heliotropin,,odor,2011-11-25 20:31:47 UTC,2011-11-25 20:31:47 UTC,,
531,herbal,,odor,2011-11-25 20:31:47 UTC,2011-11-25 20:31:47 UTC,,
532,honeydew,,odor,2011-11-25 20:31:47 UTC,2011-11-25 20:31:47 UTC,,
533,honeysuckle,,odor,2011-11-25 20:31:48 UTC,2011-11-25 20:31:48 UTC,,
534,hot,,odor,2011-11-25 20:31:48 UTC,2011-11-25 20:31:48 UTC,,
535,humid,,odor,2011-11-25 20:31:48 UTC,2011-11-25 20:31:48 UTC,,
536,humus,,odor,2011-11-25 20:31:48 UTC,2011-11-25 20:31:48 UTC,,
537,hydroxycitronellal,,odor,2011-11-25 20:31:48 UTC,2011-11-25 20:31:48 UTC,,
538,iactonic,,odor,2011-11-25 20:31:49 UTC,2011-11-25 20:31:49 UTC,,
539,immortelle,,odor,2011-11-25 20:31:49 UTC,2011-11-25 20:31:49 UTC,,
540,incense,,odor,2011-11-25 20:31:49 UTC,2011-11-25 20:31:49 UTC,,
541,indole,,odor,2011-11-25 20:31:49 UTC,2011-11-25 20:31:49 UTC,,
542,intense,,odor,2011-11-25 20:31:49 UTC,2011-11-25 20:31:49 UTC,,
543,intensely,,odor,2011-11-25 20:31:49 UTC,2011-11-25 20:31:49 UTC,,
544,iodine,,odor,2011-11-25 20:31:49 UTC,2011-11-25 20:31:49 UTC,,
545,ionone,,odor,2011-11-25 20:31:50 UTC,2011-11-25 20:31:50 UTC,,
546,irone,,odor,2011-11-25 20:31:50 UTC,2011-11-25 20:31:50 UTC,,
547,isoeugenol,,odor,2011-11-25 20:31:50 UTC,2011-11-25 20:31:50 UTC,,
548,isojasmone,,odor,2011-11-25 20:31:50 UTC,2011-11-25 20:31:50 UTC,,
549,jam preserves,,odor,2011-11-25 20:31:50 UTC,2011-11-25 20:31:50 UTC,,
550,jammy,,odor,2011-11-25 20:31:51 UTC,2011-11-25 20:31:51 UTC,,
551,jasmin,,odor,2011-11-25 20:31:51 UTC,2011-11-25 20:31:51 UTC,,
552,jasmone,,odor,2011-11-25 20:31:51 UTC,2011-11-25 20:31:51 UTC,,
553,juicy,,odor,2011-11-25 20:31:51 UTC,2011-11-25 20:31:51 UTC,,
554,juniper,,odor,2011-11-25 20:31:51 UTC,2011-11-25 20:31:51 UTC,,
555,juniper berry,,odor,2011-11-25 20:31:51 UTC,2011-11-25 20:31:51 UTC,,
556,ketone,,odor,2011-11-25 20:31:51 UTC,2011-11-25 20:31:51 UTC,,
557,ketonic,,odor,2011-11-25 20:31:52 UTC,2011-11-25 20:31:52 UTC,,
558,kiwi,,odor,2011-11-25 20:31:52 UTC,2011-11-25 20:31:52 UTC,,
559,labdanum,,odor,2011-11-25 20:31:52 UTC,2011-11-25 20:31:52 UTC,,
560,lactonic,,odor,2011-11-25 20:31:52 UTC,2011-11-25 20:31:52 UTC,,
561,lamb,,odor,2011-11-25 20:31:52 UTC,2011-11-25 20:31:52 UTC,,
562,lard,,odor,2011-11-25 20:31:52 UTC,2011-11-25 20:31:52 UTC,,
563,laundered cloths,,odor,2011-11-25 20:31:53 UTC,2011-11-25 20:31:53 UTC,,
564,laundry,,odor,2011-11-25 20:31:53 UTC,2011-11-25 20:31:53 UTC,,
565,lavandin,,odor,2011-11-25 20:31:53 UTC,2011-11-25 20:31:53 UTC,,
566,leather,,odor,2011-11-25 20:31:53 UTC,2011-11-25 20:31:53 UTC,,
567,leathery,,odor,2011-11-25 20:31:53 UTC,2011-11-25 20:31:53 UTC,,
568,leaves,,odor,2011-11-25 20:31:54 UTC,2011-11-25 20:31:54 UTC,,
569,leek,,odor,2011-11-25 20:31:54 UTC,2011-11-25 20:31:54 UTC,,
570,lemon peel,,odor,2011-11-25 20:31:54 UTC,2011-11-25 20:31:54 UTC,,
571,lemon rind,,odor,2011-11-25 20:31:54 UTC,2011-11-25 20:31:54 UTC,,
572,lemongrass,,odor,2011-11-25 20:31:54 UTC,2011-11-25 20:31:54 UTC,,
573,liatrix,,odor,2011-11-25 20:31:55 UTC,2011-11-25 20:31:55 UTC,,
574,light,,odor,2011-11-25 20:31:55 UTC,2011-11-25 20:31:55 UTC,,
575,lily of the valley,,odor,2011-11-25 20:31:55 UTC,2011-11-25 20:31:55 UTC,,
576,lime blossom,,odor,2011-11-25 20:31:55 UTC,2011-11-25 20:31:55 UTC,,
577,linalool,,odor,2011-11-25 20:31:56 UTC,2011-11-25 20:31:56 UTC,,
578,linalyl acetate,,odor,2011-11-25 20:31:56 UTC,2011-11-25 20:31:56 UTC,,
579,linden,,odor,2011-11-25 20:31:56 UTC,2011-11-25 20:31:56 UTC,,
580,linen,,odor,2011-11-25 20:31:56 UTC,2011-11-25 20:31:56 UTC,,
581,linseed,,odor,2011-11-25 20:31:56 UTC,2011-11-25 20:31:56 UTC,,
582,liquor,,odor,2011-11-25 20:31:56 UTC,2011-11-25 20:31:56 UTC,,
583,logenberry,,odor,2011-11-25 20:31:56 UTC,2011-11-25 20:31:56 UTC,,
584,longifolone,,odor,2011-11-25 20:31:56 UTC,2011-11-25 20:31:56 UTC,,
585,lovage,,odor,2011-11-25 20:31:57 UTC,2011-11-25 20:31:57 UTC,,
586,low,,odor,2011-11-25 20:31:57 UTC,2011-11-25 20:31:57 UTC,,
587,lychee,,odor,2011-11-25 20:31:57 UTC,2011-11-25 20:31:57 UTC,,
588,mace,,odor,2011-11-25 20:31:57 UTC,2011-11-25 20:31:57 UTC,,
589,macrocyclic,,odor,2011-11-25 20:31:57 UTC,2011-11-25 20:31:57 UTC,,
590,mahogany,,odor,2011-11-25 20:31:58 UTC,2011-11-25 20:31:58 UTC,,
591,mallow,,odor,2011-11-25 20:31:58 UTC,2011-11-25 20:31:58 UTC,,
592,maltol,,odor,2011-11-25 20:31:58 UTC,2011-11-25 20:31:58 UTC,,
593,malty,,odor,2011-11-25 20:31:58 UTC,2011-11-25 20:31:58 UTC,,
594,mandarin skin,,odor,2011-11-25 20:31:58 UTC,2011-11-25 20:31:58 UTC,,
595,maple syrup,,odor,2011-11-25 20:31:59 UTC,2011-11-25 20:31:59 UTC,,
596,marine,,odor,2011-11-25 20:31:59 UTC,2011-11-25 20:31:59 UTC,,
597,matches,,odor,2011-11-25 20:31:59 UTC,2011-11-25 20:31:59 UTC,,
598,may blossom,,odor,2011-11-25 20:31:59 UTC,2011-11-25 20:31:59 UTC,,
599,meadow,,odor,2011-11-25 20:31:59 UTC,2011-11-25 20:31:59 UTC,,
600,medical,,odor,2011-11-25 20:32:00 UTC,2011-11-25 20:32:00 UTC,,
601,mellow,,odor,2011-11-25 20:32:00 UTC,2011-11-25 20:32:00 UTC,,
602,melon rind,,odor,2011-11-25 20:32:00 UTC,2011-11-25 20:32:00 UTC,,
603,mentholic,,odor,2011-11-25 20:32:00 UTC,2011-11-25 20:32:00 UTC,,
604,mercaptan,,odor,2011-11-25 20:32:01 UTC,2011-11-25 20:32:01 UTC,,
605,metallic,,odor,2011-11-25 20:32:01 UTC,2011-11-25 20:32:01 UTC,,
606,methyl acetophenone,,odor,2011-11-25 20:32:01 UTC,2011-11-25 20:32:01 UTC,,
607,methyl dihydrojasmonate,,odor,2011-11-25 20:32:01 UTC,2011-11-25 20:32:01 UTC,,
608,methyl ionone,,odor,2011-11-25 20:32:01 UTC,2011-11-25 20:32:01 UTC,,
609,mignonette,,odor,2011-11-25 20:32:01 UTC,2011-11-25 20:32:01 UTC,,
610,mild,,odor,2011-11-25 20:32:01 UTC,2011-11-25 20:32:01 UTC,,
611,mild cooling,,odor,2011-11-25 20:32:02 UTC,2011-11-25 20:32:02 UTC,,
612,milk,,odor,2011-11-25 20:32:02 UTC,2011-11-25 20:32:02 UTC,,
613,milky,,odor,2011-11-25 20:32:02 UTC,2011-11-25 20:32:02 UTC,,
614,mimosa,,odor,2011-11-25 20:32:02 UTC,2011-11-25 20:32:02 UTC,,
615,moist,,odor,2011-11-25 20:32:02 UTC,2011-11-25 20:32:02 UTC,,
616,molasses,,odor,2011-11-25 20:32:03 UTC,2011-11-25 20:32:03 UTC,,
617,moldy,,odor,2011-11-25 20:32:03 UTC,2011-11-25 20:32:03 UTC,,
618,moscato,,odor,2011-11-25 20:32:03 UTC,2011-11-25 20:32:03 UTC,,
619,moth ball,,odor,2011-11-25 20:32:03 UTC,2011-11-25 20:32:03 UTC,,
620,mouldy,,odor,2011-11-25 20:32:03 UTC,2011-11-25 20:32:03 UTC,,
621,mousy,,odor,2011-11-25 20:32:04 UTC,2011-11-25 20:32:04 UTC,,
622,musk,,odor,2011-11-25 20:32:04 UTC,2011-11-25 20:32:04 UTC,,
623,mutton,,odor,2011-11-25 20:32:04 UTC,2011-11-25 20:32:04 UTC,,
624,myrcene,,odor,2011-11-25 20:32:04 UTC,2011-11-25 20:32:04 UTC,,
625,myrrh,,odor,2011-11-25 20:32:05 UTC,2011-11-25 20:32:05 UTC,,
626,naphtha,,odor,2011-11-25 20:32:05 UTC,2011-11-25 20:32:05 UTC,,
627,naphthalic,,odor,2011-11-25 20:32:05 UTC,2011-11-25 20:32:05 UTC,,
628,naphthelene,,odor,2011-11-25 20:32:05 UTC,2011-11-25 20:32:05 UTC,,
629,naphthyl,,odor,2011-11-25 20:32:05 UTC,2011-11-25 20:32:05 UTC,,
630,narcissus,,odor,2011-11-25 20:32:05 UTC,2011-11-25 20:32:05 UTC,,
631,nasturtium,,odor,2011-11-25 20:32:05 UTC,2011-11-25 20:32:05 UTC,,
632,natural,,odor,2011-11-25 20:32:06 UTC,2011-11-25 20:32:06 UTC,,
633,neroli,,odor,2011-11-25 20:32:06 UTC,2011-11-25 20:32:06 UTC,,
634,new car,,odor,2011-11-25 20:32:06 UTC,2011-11-25 20:32:06 UTC,,
635,new mown hay,,odor,2011-11-25 20:32:06 UTC,2011-11-25 20:32:06 UTC,,
636,niobe,,odor,2011-11-25 20:32:06 UTC,2011-11-25 20:32:06 UTC,,
637,nitrile,,odor,2011-11-25 20:32:06 UTC,2011-11-25 20:32:06 UTC,,
638,nopyl acetate,,odor,2011-11-25 20:32:07 UTC,2011-11-25 20:32:07 UTC,,
639,nut skin,,odor,2011-11-25 20:32:07 UTC,2011-11-25 20:32:07 UTC,,
640,oak,,odor,2011-11-25 20:32:07 UTC,2011-11-25 20:32:07 UTC,,
641,oakmoss,,odor,2011-11-25 20:32:07 UTC,2011-11-25 20:32:07 UTC,,
642,ocimene,,odor,2011-11-25 20:32:07 UTC,2011-11-25 20:32:07 UTC,,
643,odorless,,odor,2011-11-25 20:32:08 UTC,2011-11-25 20:32:08 UTC,,
644,old paper,,odor,2011-11-25 20:32:08 UTC,2011-11-25 20:32:08 UTC,,
645,old wood,,odor,2011-11-25 20:32:08 UTC,2011-11-25 20:32:08 UTC,,
646,olibanum,,odor,2011-11-25 20:32:08 UTC,2011-11-25 20:32:08 UTC,,
647,opoponax,,odor,2011-11-25 20:32:09 UTC,2011-11-25 20:32:09 UTC,,
648,orange blossom,,odor,2011-11-25 20:32:09 UTC,2011-11-25 20:32:09 UTC,,
649,orange flower,,odor,2011-11-25 20:32:09 UTC,2011-11-25 20:32:09 UTC,,
650,orange juice,,odor,2011-11-25 20:32:09 UTC,2011-11-25 20:32:09 UTC,,
651,orchid,,odor,2011-11-25 20:32:09 UTC,2011-11-25 20:32:09 UTC,,
652,oriental,,odor,2011-11-25 20:32:09 UTC,2011-11-25 20:32:09 UTC,,
653,outdoor,,odor,2011-11-25 20:32:10 UTC,2011-11-25 20:32:10 UTC,,
654,overripe fruit,,odor,2011-11-25 20:32:10 UTC,2011-11-25 20:32:10 UTC,,
655,oxyacetaldehyde,,odor,2011-11-25 20:32:10 UTC,2011-11-25 20:32:10 UTC,,
656,ozone,,odor,2011-11-25 20:32:10 UTC,2011-11-25 20:32:10 UTC,,
657,painty,,odor,2011-11-25 20:32:10 UTC,2011-11-25 20:32:10 UTC,,
658,palmarosa,,odor,2011-11-25 20:32:10 UTC,2011-11-25 20:32:10 UTC,,
659,parmesan,,odor,2011-11-25 20:32:11 UTC,2011-11-25 20:32:11 UTC,,
660,parsley,,odor,2011-11-25 20:32:11 UTC,2011-11-25 20:32:11 UTC,,
661,passion fruit,,odor,2011-11-25 20:32:11 UTC,2011-11-25 20:32:11 UTC,,
662,pastry,,odor,2011-11-25 20:32:11 UTC,2011-11-25 20:32:11 UTC,,
663,patchouli,,odor,2011-11-25 20:32:11 UTC,2011-11-25 20:32:11 UTC,,
664,peach-pit,,odor,2011-11-25 20:32:12 UTC,2011-11-25 20:32:12 UTC,,
665,pear skin,,odor,2011-11-25 20:32:12 UTC,2011-11-25 20:32:12 UTC,,
666,peely,,odor,2011-11-25 20:32:12 UTC,2011-11-25 20:32:12 UTC,,
667,pencil,,odor,2011-11-25 20:32:12 UTC,2011-11-25 20:32:12 UTC,,
668,penetrating,,odor,2011-11-25 20:32:13 UTC,2011-11-25 20:32:13 UTC,,
669,peony,,odor,2011-11-25 20:32:13 UTC,2011-11-25 20:32:13 UTC,,
670,peppery,,odor,2011-11-25 20:32:13 UTC,2011-11-25 20:32:13 UTC,,
671,peptone,,odor,2011-11-25 20:32:13 UTC,2011-11-25 20:32:13 UTC,,
672,petal,,odor,2011-11-25 20:32:13 UTC,2011-11-25 20:32:13 UTC,,
673,petitgrain,,odor,2011-11-25 20:32:14 UTC,2011-11-25 20:32:14 UTC,,
674,petroleum,,odor,2011-11-25 20:32:14 UTC,2011-11-25 20:32:14 UTC,,
675,phenolic,,odor,2011-11-25 20:32:14 UTC,2011-11-25 20:32:14 UTC,,
676,pine needle,,odor,2011-11-25 20:32:14 UTC,2011-11-25 20:32:14 UTC,,
677,pistachio,,odor,2011-11-25 20:32:14 UTC,2011-11-25 20:32:14 UTC,,
678,plant,,odor,2011-11-25 20:32:15 UTC,2011-11-25 20:32:15 UTC,,
679,pleasant,,odor,2011-11-25 20:32:15 UTC,2011-11-25 20:32:15 UTC,,
680,plum skin,,odor,2011-11-25 20:32:15 UTC,2011-11-25 20:32:15 UTC,,
681,pollen,,odor,2011-11-25 20:32:15 UTC,2011-11-25 20:32:15 UTC,,
682,pork,,odor,2011-11-25 20:32:15 UTC,2011-11-25 20:32:15 UTC,,
683,powderful,,odor,2011-11-25 20:32:16 UTC,2011-11-25 20:32:16 UTC,,
684,powdery,,odor,2011-11-25 20:32:16 UTC,2011-11-25 20:32:16 UTC,,
685,powerful,,odor,2011-11-25 20:32:16 UTC,2011-11-25 20:32:16 UTC,,
686,privet,,odor,2011-11-25 20:32:16 UTC,2011-11-25 20:32:16 UTC,,
687,privet blossom,,odor,2011-11-25 20:32:16 UTC,2011-11-25 20:32:16 UTC,,
688,profarnesal,,odor,2011-11-25 20:32:16 UTC,2011-11-25 20:32:16 UTC,,
689,propionic,,odor,2011-11-25 20:32:17 UTC,2011-11-25 20:32:17 UTC,,
690,pulpy,,odor,2011-11-25 20:32:17 UTC,2011-11-25 20:32:17 UTC,,
691,pumpkin,,odor,2011-11-25 20:32:19 UTC,2011-11-25 20:32:19 UTC,,
692,pyrazine,,odor,2011-11-25 20:32:19 UTC,2011-11-25 20:32:19 UTC,,
693,pyridine,,odor,2011-11-25 20:32:19 UTC,2011-11-25 20:32:19 UTC,,
694,radiant,,odor,2011-11-25 20:32:20 UTC,2011-11-25 20:32:20 UTC,,
695,radish,,odor,2011-11-25 20:32:20 UTC,2011-11-25 20:32:20 UTC,,
696,raisin,,odor,2011-11-25 20:32:20 UTC,2011-11-25 20:32:20 UTC,,
697,raw,,odor,2011-11-25 20:32:20 UTC,2011-11-25 20:32:20 UTC,,
698,red cedar,,odor,2011-11-25 20:32:20 UTC,2011-11-25 20:32:20 UTC,,
699,red fruit,,odor,2011-11-25 20:32:21 UTC,2011-11-25 20:32:21 UTC,,
700,red hots,,odor,2011-11-25 20:32:21 UTC,2011-11-25 20:32:21 UTC,,
701,red rose,,odor,2011-11-25 20:32:21 UTC,2011-11-25 20:32:21 UTC,,
702,repulsive,,odor,2011-11-25 20:32:21 UTC,2011-11-25 20:32:21 UTC,,
703,reseda,,odor,2011-11-25 20:32:21 UTC,2011-11-25 20:32:21 UTC,,
704,resinous,,odor,2011-11-25 20:32:21 UTC,2011-11-25 20:32:21 UTC,,
705,rhodinol,,odor,2011-11-25 20:32:22 UTC,2011-11-25 20:32:22 UTC,,
706,rhubarb,,odor,2011-11-25 20:32:22 UTC,2011-11-25 20:32:22 UTC,,
707,rich,,odor,2011-11-25 20:32:22 UTC,2011-11-25 20:32:22 UTC,,
708,ricotta,,odor,2011-11-25 20:32:22 UTC,2011-11-25 20:32:22 UTC,,
709,ripe,,odor,2011-11-25 20:32:22 UTC,2011-11-25 20:32:22 UTC,,
710,ripe apricot,,odor,2011-11-25 20:32:22 UTC,2011-11-25 20:32:22 UTC,,
711,roasted,,odor,2011-11-25 20:32:23 UTC,2011-11-25 20:32:23 UTC,,
712,roasted almonds,,odor,2011-11-25 20:32:23 UTC,2011-11-25 20:32:23 UTC,,
713,roasted in sugar syrup,,odor,2011-11-25 20:32:23 UTC,2011-11-25 20:32:23 UTC,,
714,roasted nuts,,odor,2011-11-25 20:32:23 UTC,2011-11-25 20:32:23 UTC,,
715,roasted peanut,,odor,2011-11-25 20:32:23 UTC,2011-11-25 20:32:23 UTC,,
716,roasted peanuts,,odor,2011-11-25 20:32:24 UTC,2011-11-25 20:32:24 UTC,,
717,romano,,odor,2011-11-25 20:32:24 UTC,2011-11-25 20:32:24 UTC,,
718,root,,odor,2011-11-25 20:32:24 UTC,2011-11-25 20:32:24 UTC,,
719,rootbeer,,odor,2011-11-25 20:32:24 UTC,2011-11-25 20:32:24 UTC,,
720,rooty,,odor,2011-11-25 20:32:24 UTC,2011-11-25 20:32:24 UTC,,
721,roquefort cheese,,odor,2011-11-25 20:32:24 UTC,2011-11-25 20:32:24 UTC,,
722,rose acetate,,odor,2011-11-25 20:32:25 UTC,2011-11-25 20:32:25 UTC,,
723,rose bud,,odor,2011-11-25 20:32:25 UTC,2011-11-25 20:32:25 UTC,,
724,rose de mai,,odor,2011-11-25 20:32:25 UTC,2011-11-25 20:32:25 UTC,,
725,rose dried,,odor,2011-11-25 20:32:25 UTC,2011-11-25 20:32:25 UTC,,
726,rose flower,,odor,2011-11-25 20:32:25 UTC,2011-11-25 20:32:25 UTC,,
727,rose oxide,,odor,2011-11-25 20:32:25 UTC,2011-11-25 20:32:25 UTC,,
728,rose petals,,odor,2011-11-25 20:32:25 UTC,2011-11-25 20:32:25 UTC,,
729,rose water,,odor,2011-11-25 20:32:26 UTC,2011-11-25 20:32:26 UTC,,
730,rosemary,,odor,2011-11-25 20:32:26 UTC,2011-11-25 20:32:26 UTC,,
731,rosy,,odor,2011-11-25 20:32:26 UTC,2011-11-25 20:32:26 UTC,,
732,rotten,,odor,2011-11-25 20:32:26 UTC,2011-11-25 20:32:26 UTC,,
733,rotting,,odor,2011-11-25 20:32:26 UTC,2011-11-25 20:32:26 UTC,,
734,rubbery,,odor,2011-11-25 20:32:26 UTC,2011-11-25 20:32:26 UTC,,
735,rue,,odor,2011-11-25 20:32:27 UTC,2011-11-25 20:32:27 UTC,,
736,rummy,,odor,2011-11-25 20:32:27 UTC,2011-11-25 20:32:27 UTC,,
737,russian,,odor,2011-11-25 20:32:27 UTC,2011-11-25 20:32:27 UTC,,
738,rye,,odor,2011-11-25 20:32:27 UTC,2011-11-25 20:32:27 UTC,,
739,saffron,,odor,2011-11-25 20:32:27 UTC,2011-11-25 20:32:27 UTC,,
740,salicylate,,odor,2011-11-25 20:32:28 UTC,2011-11-25 20:32:28 UTC,,
741,salmon,,odor,2011-11-25 20:32:28 UTC,2011-11-25 20:32:28 UTC,,
742,salt,,odor,2011-11-25 20:32:28 UTC,2011-11-25 20:32:28 UTC,,
743,sandal,,odor,2011-11-25 20:32:28 UTC,2011-11-25 20:32:28 UTC,,
744,sandalwood,,odor,2011-11-25 20:32:28 UTC,2011-11-25 20:32:28 UTC,,
745,sandy,,odor,2011-11-25 20:32:28 UTC,2011-11-25 20:32:28 UTC,,
746,sap,,odor,2011-11-25 20:32:28 UTC,2011-11-25 20:32:28 UTC,,
747,sappy,,odor,2011-11-25 20:32:29 UTC,2011-11-25 20:32:29 UTC,,
748,sarsaparilla,,odor,2011-11-25 20:32:29 UTC,2011-11-25 20:32:29 UTC,,
749,sassafrass,,odor,2011-11-25 20:32:29 UTC,2011-11-25 20:32:29 UTC,,
750,sausage,,odor,2011-11-25 20:32:29 UTC,2011-11-25 20:32:29 UTC,,
751,savory,,odor,2011-11-25 20:32:29 UTC,2011-11-25 20:32:29 UTC,,
752,sawdust,,odor,2011-11-25 20:32:29 UTC,2011-11-25 20:32:29 UTC,,
753,sawen,,odor,2011-11-25 20:32:29 UTC,2011-11-25 20:32:29 UTC,,
754,scallion,,odor,2011-11-25 20:32:30 UTC,2011-11-25 20:32:30 UTC,,
755,sea,,odor,2011-11-25 20:32:30 UTC,2011-11-25 20:32:30 UTC,,
756,sea breeze,,odor,2011-11-25 20:32:30 UTC,2011-11-25 20:32:30 UTC,,
757,seafood,,odor,2011-11-25 20:32:30 UTC,2011-11-25 20:32:30 UTC,,
758,seashell,,odor,2011-11-25 20:32:30 UTC,2011-11-25 20:32:30 UTC,,
759,seashore,,odor,2011-11-25 20:32:30 UTC,2011-11-25 20:32:30 UTC,,
760,seaside,,odor,2011-11-25 20:32:30 UTC,2011-11-25 20:32:30 UTC,,
761,sensual,,odor,2011-11-25 20:32:31 UTC,2011-11-25 20:32:31 UTC,,
762,shellfish,,odor,2011-11-25 20:32:31 UTC,2011-11-25 20:32:31 UTC,,
763,shrimp,,odor,2011-11-25 20:32:31 UTC,2011-11-25 20:32:31 UTC,,
764,sick,,odor,2011-11-25 20:32:31 UTC,2011-11-25 20:32:31 UTC,,
765,sickening,,odor,2011-11-25 20:32:31 UTC,2011-11-25 20:32:31 UTC,,
766,skunk,,odor,2011-11-25 20:32:32 UTC,2011-11-25 20:32:32 UTC,,
767,skunky,,odor,2011-11-25 20:32:32 UTC,2011-11-25 20:32:32 UTC,,
768,slight,,odor,2011-11-25 20:32:32 UTC,2011-11-25 20:32:32 UTC,,
769,slightly ethereal,,odor,2011-11-25 20:32:32 UTC,2011-11-25 20:32:32 UTC,,
770,slightly fruity,,odor,2011-11-25 20:32:32 UTC,2011-11-25 20:32:32 UTC,,
771,slightly metallic,,odor,2011-11-25 20:32:32 UTC,2011-11-25 20:32:32 UTC,,
772,slightly roasted nut,,odor,2011-11-25 20:32:32 UTC,2011-11-25 20:32:32 UTC,,
773,slightly rose,,odor,2011-11-25 20:32:33 UTC,2011-11-25 20:32:33 UTC,,
774,slightly waxy,,odor,2011-11-25 20:32:33 UTC,2011-11-25 20:32:33 UTC,,
775,smoked,,odor,2011-11-25 20:32:33 UTC,2011-11-25 20:32:33 UTC,,
776,soft,,odor,2011-11-25 20:32:33 UTC,2011-11-25 20:32:33 UTC,,
777,soil,,odor,2011-11-25 20:32:34 UTC,2011-11-25 20:32:34 UTC,,
778,soup,,odor,2011-11-25 20:32:34 UTC,2011-11-25 20:32:34 UTC,,
779,soupy,,odor,2011-11-25 20:32:34 UTC,2011-11-25 20:32:34 UTC,,
780,soybean,,odor,2011-11-25 20:32:34 UTC,2011-11-25 20:32:34 UTC,,
781,spring,,odor,2011-11-25 20:32:35 UTC,2011-11-25 20:32:35 UTC,,
782,stem,,odor,2011-11-25 20:32:35 UTC,2011-11-25 20:32:35 UTC,,
783,stinky,,odor,2011-11-25 20:32:35 UTC,2011-11-25 20:32:35 UTC,,
784,storax,,odor,2011-11-25 20:32:35 UTC,2011-11-25 20:32:35 UTC,,
785,strong,,odor,2011-11-25 20:32:35 UTC,2011-11-25 20:32:35 UTC,,
786,styrax,,odor,2011-11-25 20:32:36 UTC,2011-11-25 20:32:36 UTC,,
787,styrene,,odor,2011-11-25 20:32:36 UTC,2011-11-25 20:32:36 UTC,,
788,sugar,,odor,2011-11-25 20:32:36 UTC,2011-11-25 20:32:36 UTC,,
789,sulfide,,odor,2011-11-25 20:32:36 UTC,2011-11-25 20:32:36 UTC,,
790,sulfury,,odor,2011-11-25 20:32:36 UTC,2011-11-25 20:32:36 UTC,,
791,sweaty,,odor,2011-11-25 20:32:37 UTC,2011-11-25 20:32:37 UTC,,
792,sweet corn,,odor,2011-11-25 20:32:37 UTC,2011-11-25 20:32:37 UTC,,
793,syrup,,odor,2011-11-25 20:32:37 UTC,2011-11-25 20:32:37 UTC,,
794,taco,,odor,2011-11-25 20:32:37 UTC,2011-11-25 20:32:37 UTC,,
795,tagette,,odor,2011-11-25 20:32:37 UTC,2011-11-25 20:32:37 UTC,,
796,tangerine,,odor,2011-11-25 20:32:37 UTC,2011-11-25 20:32:37 UTC,,
797,tangy,,odor,2011-11-25 20:32:38 UTC,2011-11-25 20:32:38 UTC,,
798,tarragon,,odor,2011-11-25 20:32:38 UTC,2011-11-25 20:32:38 UTC,,
799,tarry,,odor,2011-11-25 20:32:38 UTC,2011-11-25 20:32:38 UTC,,
800,terpene,,odor,2011-11-25 20:32:38 UTC,2011-11-25 20:32:38 UTC,,
801,terpenic,,odor,2011-11-25 20:32:38 UTC,2011-11-25 20:32:38 UTC,,
802,terpineol,,odor,2011-11-25 20:32:39 UTC,2011-11-25 20:32:39 UTC,,
803,thiamine,,odor,2011-11-25 20:32:39 UTC,2011-11-25 20:32:39 UTC,,
804,thuja,,odor,2011-11-25 20:32:39 UTC,2011-11-25 20:32:39 UTC,,
805,thujone,,odor,2011-11-25 20:32:39 UTC,2011-11-25 20:32:39 UTC,,
806,thymol,,odor,2011-11-25 20:32:39 UTC,2011-11-25 20:32:39 UTC,,
807,toasted,,odor,2011-11-25 20:32:40 UTC,2011-11-25 20:32:40 UTC,,
808,tobacco-leaf,,odor,2011-11-25 20:32:40 UTC,2011-11-25 20:32:40 UTC,,
809,toffee,,odor,2011-11-25 20:32:40 UTC,2011-11-25 20:32:40 UTC,,
810,tolu,,odor,2011-11-25 20:32:40 UTC,2011-11-25 20:32:40 UTC,,
811,toluene,,odor,2011-11-25 20:32:40 UTC,2011-11-25 20:32:40 UTC,,
812,tonka,,odor,2011-11-25 20:32:41 UTC,2011-11-25 20:32:41 UTC,,
813,tree,,odor,2011-11-25 20:32:41 UTC,2011-11-25 20:32:41 UTC,,
814,tropical,,odor,2011-11-25 20:32:41 UTC,2011-11-25 20:32:41 UTC,,
815,tropical fruit,,odor,2011-11-25 20:32:41 UTC,2011-11-25 20:32:41 UTC,,
816,tuberose,,odor,2011-11-25 20:32:41 UTC,2011-11-25 20:32:41 UTC,,
817,turnup,,odor,2011-11-25 20:32:41 UTC,2011-11-25 20:32:41 UTC,,
818,tutti frutti,,odor,2011-11-25 20:32:42 UTC,2011-11-25 20:32:42 UTC,,
819,umami,,odor,2011-11-25 20:32:42 UTC,2011-11-25 20:32:42 UTC,,
820,undecatriene,,odor,2011-11-25 20:32:42 UTC,2011-11-25 20:32:42 UTC,,
821,undecylenic,,odor,2011-11-25 20:32:42 UTC,2011-11-25 20:32:42 UTC,,
822,undergrowth,,odor,2011-11-25 20:32:42 UTC,2011-11-25 20:32:42 UTC,,
823,unpleasant,,odor,2011-11-25 20:32:42 UTC,2011-11-25 20:32:42 UTC,,
824,unripe banana,,odor,2011-11-25 20:32:42 UTC,2011-11-25 20:32:42 UTC,,
825,unripe fruit,,odor,2011-11-25 20:32:43 UTC,2011-11-25 20:32:43 UTC,,
826,unripe plum,,odor,2011-11-25 20:32:43 UTC,2011-11-25 20:32:43 UTC,,
827,valerian,,odor,2011-11-25 20:32:43 UTC,2011-11-25 20:32:43 UTC,,
828,valeric,,odor,2011-11-25 20:32:43 UTC,2011-11-25 20:32:43 UTC,,
829,vanillin,,odor,2011-11-25 20:32:43 UTC,2011-11-25 20:32:43 UTC,,
830,vegetable skin,,odor,2011-11-25 20:32:44 UTC,2011-11-25 20:32:44 UTC,,
831,velvety,,odor,2011-11-25 20:32:44 UTC,2011-11-25 20:32:44 UTC,,
832,verbena,,odor,2011-11-25 20:32:44 UTC,2011-11-25 20:32:44 UTC,,
833,very faint,,odor,2011-11-25 20:32:44 UTC,2011-11-25 20:32:44 UTC,,
834,very intense,,odor,2011-11-25 20:32:44 UTC,2011-11-25 20:32:44 UTC,,
835,very mild,,odor,2011-11-25 20:32:44 UTC,2011-11-25 20:32:44 UTC,,
836,very slight,,odor,2011-11-25 20:32:44 UTC,2011-11-25 20:32:44 UTC,,
837,very strong,,odor,2011-11-25 20:32:45 UTC,2011-11-25 20:32:45 UTC,,
838,very sweet,,odor,2011-11-25 20:32:45 UTC,2011-11-25 20:32:45 UTC,,
839,vetiver,,odor,2011-11-25 20:32:45 UTC,2011-11-25 20:32:45 UTC,,
840,vetiver acetate,,odor,2011-11-25 20:32:45 UTC,2011-11-25 20:32:45 UTC,,
841,vine,,odor,2011-11-25 20:32:45 UTC,2011-11-25 20:32:45 UTC,,
842,vinegar,,odor,2011-11-25 20:32:45 UTC,2011-11-25 20:32:45 UTC,,
843,vinous,,odor,2011-11-25 20:32:45 UTC,2011-11-25 20:32:45 UTC,,
844,violet-leaf,,odor,2011-11-25 20:32:46 UTC,2011-11-25 20:32:46 UTC,,
845,wasabi,,odor,2011-11-25 20:32:46 UTC,2011-11-25 20:32:46 UTC,,
846,watercress,,odor,2011-11-25 20:32:46 UTC,2011-11-25 20:32:46 UTC,,
847,watery,,odor,2011-11-25 20:32:47 UTC,2011-11-25 20:32:47 UTC,,
848,waxy,,odor,2011-11-25 20:32:47 UTC,2011-11-25 20:32:47 UTC,,
849,weak,,odor,2011-11-25 20:32:47 UTC,2011-11-25 20:32:47 UTC,,
850,weedy,,odor,2011-11-25 20:32:47 UTC,2011-11-25 20:32:47 UTC,,
851,wet,,odor,2011-11-25 20:32:47 UTC,2011-11-25 20:32:47 UTC,,
852,wild,,odor,2011-11-25 20:32:48 UTC,2011-11-25 20:32:48 UTC,,
853,wine-lee,,odor,2011-11-25 20:32:48 UTC,2011-11-25 20:32:48 UTC,,
854,winey,,odor,2011-11-25 20:32:48 UTC,2011-11-25 20:32:48 UTC,,
855,yeasty,,odor,2011-11-25 20:32:49 UTC,2011-11-25 20:32:49 UTC,,
856,ylang,,odor,2011-11-25 20:32:49 UTC,2011-11-25 20:32:49 UTC,,
857,cookedvegetable,,odor,2019-09-16 21:52:44 UTC,2019-09-16 21:52:44 UTC,,
858,cookedpotato,,odor,2019-09-16 21:52:44 UTC,2019-09-16 21:52:44 UTC,,
859,roastednut,,odor,2019-09-16 21:52:44 UTC,2019-09-16 21:52:44 UTC,,
860,roastedmeat,,odor,2019-09-16 21:52:44 UTC,2019-09-16 21:52:44 UTC,,
861,roastbeef,,odor,2019-09-16 21:52:44 UTC,2019-09-16 21:52:44 UTC,,
862,peanutbutter,,odor,2019-09-16 21:52:44 UTC,2019-09-16 21:52:44 UTC,,
863,burntsugar,,odor,2019-09-16 21:52:45 UTC,2019-09-16 21:52:45 UTC,,
864,cookedmeat,,odor,2019-09-16 21:52:45 UTC,2019-09-16 21:52:45 UTC,,
865,meatbroth,,odor,2019-09-16 21:52:45 UTC,2019-09-16 21:52:45 UTC,,
866,greenbean,,odor,2019-09-16 21:52:45 UTC,2019-09-16 21:52:45 UTC,,
867,applepeel,,odor,2019-09-16 21:52:45 UTC,2019-09-16 21:52:45 UTC,,
868,orangepeel,,odor,2019-09-16 21:52:45 UTC,2019-09-16 21:52:45 UTC,,
869,crushedbug,,odor,2019-09-16 21:52:45 UTC,2019-09-16 21:52:45 UTC,,
870,tomatoleaf,,odor,2019-09-16 21:52:45 UTC,2019-09-16 21:52:45 UTC,,
871,boxtree,,odor,2019-09-16 21:52:45 UTC,2019-09-16 21:52:45 UTC,,
872,greenleaf,,odor,2019-09-16 21:52:45 UTC,2019-09-16 21:52:45 UTC,,
873,tartlime,,odor,2019-09-16 21:52:45 UTC,2019-09-16 21:52:45 UTC,,
874,wetcloth,,odor,2019-09-16 21:52:45 UTC,2019-09-16 21:52:45 UTC,,
875,cottoncandy,,odor,2019-09-16 21:52:45 UTC,2019-09-16 21:52:45 UTC,,
876,hotmilk,,odor,2019-09-16 21:52:45 UTC,2019-09-16 21:52:45 UTC,,
877,boiledvegetable,,odor,2019-09-16 21:52:46 UTC,2019-09-16 21:52:46 UTC,,
878,bitteralmond,,odor,2019-09-16 21:52:46 UTC,2019-09-16 21:52:46 UTC,,
879,greenpepper,,odor,2019-09-16 21:52:46 UTC,2019-09-16 21:52:46 UTC,,
880,apple.rose,,odor,2019-09-16 21:52:47 UTC,2019-09-16 21:52:47 UTC,,
881,weakspice,,odor,2019-09-16 21:52:47 UTC,2019-09-16 21:52:47 UTC,,
882,brownsugar,,odor,2019-09-16 21:52:47 UTC,2019-09-16 21:52:47 UTC,,
883,almondshell,,odor,2019-09-16 21:52:48 UTC,2019-09-16 21:52:48 UTC,,
